{"cameraMode":{"drawMode":0,"name":"Shaded","section":"Shading Mode"},"sceneLighting":true,"audioPlay":false,"sceneViewState":{"showFog":true,"showMaterialUpdate":false,"showSkybox":true,"showFlares":true,"showImageEffects":true,"showParticleSystems":true,"showVisualEffectGraphs":true,"m_FxEnabled":true},"in2DMode":false,"pivot":{"x":-2.1807944774627687,"y":16.502338409423829,"z":-21.390066146850587},"rotation":{"x":-0.32570821046829226,"y":0.01616371050477028,"z":-0.0055692060850560669,"w":-0.945319652557373},"size":12.597227096557618,"orthographic":false}