{"cameraMode":{"drawMode":0,"name":"Shaded","section":"Shading Mode"},"sceneLighting":true,"audioPlay":false,"sceneViewState":{"showFog":true,"showMaterialUpdate":false,"showSkybox":true,"showFlares":true,"showImageEffects":true,"showParticleSystems":true,"showVisualEffectGraphs":true,"m_FxEnabled":true},"in2DMode":false,"pivot":{"x":-11.559175491333008,"y":-0.5629177093505859,"z":-0.03702211380004883},"rotation":{"x":-0.28953906893730166,"y":0.24456430971622468,"z":-0.07675416022539139,"w":-0.9222400188446045},"size":14.056949615478516,"orthographic":false}